<?xml version="1.0" encoding="utf-8"?>
<annotations>
  <version>1.1</version>
  <meta>
    <task>
      <id>103533</id>
      <name>Human Labelling</name>
      <size>31</size>
      <mode>annotation</mode>
      <overlap>0</overlap>
      <bugtracker></bugtracker>
      <created>2021-07-26 11:27:55.991047+01:00</created>
      <updated>2021-07-26 12:36:26.892956+01:00</updated>
      <start_frame>0</start_frame>
      <stop_frame>30</stop_frame>
      <frame_filter></frame_filter>
      <labels>
        <label>
          <name>Hand</name>
          <color>#da7dfe</color>
          <attributes>
          </attributes>
        </label>
        <label>
          <name>Head</name>
          <color>#37c45d</color>
          <attributes>
          </attributes>
        </label>
        <label>
          <name>Person</name>
          <color>#c06060</color>
          <attributes>
          </attributes>
        </label>
      </labels>
      <segments>
        <segment>
          <id>153669</id>
          <start>0</start>
          <stop>30</stop>
          <url>http://cvat.org/?id=153669</url>
        </segment>
      </segments>
      <owner>
        <username>Gaurav15</username>
        <email>prasshun1589@gmail.com</email>
      </owner>
      <assignee></assignee>
    </task>
    <dumped>2021-07-26 12:41:24.490278+01:00</dumped>
  </meta>
  <image id="30" name="PennPed00096.png" width="294" height="331">
    <box label="Person" occluded="0" source="manual" xtl="100.34" ytl="23.94" xbr="205.52" ybr="324.34" z_order="0">
    </box>
    <box label="Person" occluded="0" source="manual" xtl="6.23" ytl="36.47" xbr="101.03" ybr="325.03" z_order="0">
    </box>
    <box label="Person" occluded="0" source="manual" xtl="0.17" ytl="103.49" xbr="16.99" ybr="250.06" z_order="0">
    </box>
    <box label="Person" occluded="0" source="manual" xtl="72.11" ytl="103.58" xbr="94.74" ybr="246.79" z_order="0">
    </box>
    <box label="Head" occluded="0" source="manual" xtl="30.19" ytl="35.75" xbr="69.68" ybr="80.53" z_order="0">
    </box>
    <box label="Head" occluded="0" source="manual" xtl="1.16" ytl="103.58" xbr="12.00" ybr="123.60" z_order="0">
    </box>
    <box label="Head" occluded="0" source="manual" xtl="134.64" ytl="24.60" xbr="163.56" ybr="74.66" z_order="0">
    </box>
    <box label="Hand" occluded="0" source="manual" xtl="5.16" ytl="177.86" xbr="20.18" ybr="206.50" z_order="0">
    </box>
    <box label="Hand" occluded="0" source="manual" xtl="87.28" ytl="175.49" xbr="100.63" ybr="206.64" z_order="0">
    </box>
    <box label="Hand" occluded="0" source="manual" xtl="100.63" ytl="175.22" xbr="117.32" ybr="203.86" z_order="0">
    </box>
    <box label="Hand" occluded="0" source="manual" xtl="193.71" ytl="161.91" xbr="207.38" ybr="188.33" z_order="0">
    </box>
  </image>
  <image id="29" name="PennPed00095.png" width="512" height="375">
    <box label="Hand" occluded="0" source="manual" xtl="190.38" ytl="188.11" xbr="208.52" ybr="217.14" z_order="0">
    </box>
    <box label="Hand" occluded="0" source="manual" xtl="288.28" ytl="189.51" xbr="301.44" ybr="221.27" z_order="0">
    </box>
    <box label="Hand" occluded="0" source="manual" xtl="316.41" ytl="174.09" xbr="332.74" ybr="199.95" z_order="0">
    </box>
    <box label="Hand" occluded="0" source="manual" xtl="414.41" ytl="193.60" xbr="433.46" ybr="223.09" z_order="0">
    </box>
    <box label="Head" occluded="0" source="manual" xtl="5.98" ytl="145.13" xbr="15.17" ybr="154.85" z_order="0">
    </box>
    <box label="Head" occluded="0" source="manual" xtl="235.75" ytl="46.60" xbr="267.88" ybr="91.59" z_order="0">
    </box>
    <box label="Head" occluded="0" source="manual" xtl="356.35" ytl="55.67" xbr="387.35" ybr="102.93" z_order="0">
    </box>
    <box label="Person" occluded="0" source="manual" xtl="316.56" ytl="55.04" xbr="433.57" ybr="336.62" z_order="0">
    </box>
    <box label="Person" occluded="0" source="manual" xtl="190.47" ytl="47.20" xbr="301.60" ybr="337.92" z_order="0">
    </box>
    <box label="Person" occluded="0" source="manual" xtl="1.55" ytl="143.72" xbr="17.56" ybr="158.16" z_order="0">
    </box>
  </image>
  <image id="28" name="PennPed00094.png" width="422" height="349">
    <box label="Person" occluded="0" source="manual" xtl="120.05" ytl="25.51" xbr="255.09" ybr="322.89" z_order="0">
    </box>
    <box label="Head" occluded="0" source="manual" xtl="177.12" ytl="26.13" xbr="214.62" ybr="69.71" z_order="0">
    </box>
    <box label="Hand" occluded="0" source="manual" xtl="138.31" ytl="137.25" xbr="156.60" ybr="150.62" z_order="0">
    </box>
    <box label="Hand" occluded="0" source="manual" xtl="239.99" ytl="172.09" xbr="258.29" ybr="196.72" z_order="0">
    </box>
  </image>
  <image id="27" name="PennPed00093.png" width="368" height="311">
    <box label="Hand" occluded="0" source="manual" xtl="111.89" ytl="139.36" xbr="135.97" ybr="163.81" z_order="0">
    </box>
    <box label="Hand" occluded="0" source="manual" xtl="107.48" ytl="42.21" xbr="122.63" ybr="66.51" z_order="0">
    </box>
    <box label="Head" occluded="0" source="manual" xtl="105.18" ytl="4.53" xbr="148.45" ybr="54.70" z_order="0">
    </box>
    <box label="Person" occluded="0" source="manual" xtl="49.67" ytl="6.49" xbr="222.68" ybr="301.09" z_order="0">
    </box>
  </image>
  <image id="26" name="PennPed00092.png" width="600" height="447">
    <box label="Head" occluded="0" source="manual" xtl="374.76" ytl="93.10" xbr="409.46" ybr="138.16" z_order="0">
    </box>
    <box label="Head" occluded="0" source="manual" xtl="209.05" ytl="73.04" xbr="258.67" ybr="129.83" z_order="0">
    </box>
    <box label="Hand" occluded="0" source="manual" xtl="237.49" ytl="119.76" xbr="261.22" ybr="142.48" z_order="0">
    </box>
    <box label="Hand" occluded="0" source="manual" xtl="396.05" ytl="246.77" xbr="414.83" ybr="271.54" z_order="0">
    </box>
    <box label="Head" occluded="0" source="manual" xtl="40.66" ytl="252.11" xbr="53.34" ybr="264.94" z_order="0">
    </box>
    <box label="Head" occluded="0" source="manual" xtl="35.20" ytl="248.85" xbr="47.88" ybr="261.53" z_order="0">
    </box>
    <box label="Person" occluded="0" source="manual" xtl="0.00" ytl="248.57" xbr="47.75" ybr="313.27" z_order="0">
    </box>
    <box label="Person" occluded="0" source="manual" xtl="0.00" ytl="252.25" xbr="56.10" ybr="314.58" z_order="0">
    </box>
    <box label="Person" occluded="0" source="manual" xtl="106.94" ytl="72.21" xbr="309.49" ybr="435.18" z_order="0">
    </box>
    <box label="Person" occluded="0" source="manual" xtl="283.72" ytl="92.46" xbr="462.13" ybr="390.02" z_order="0">
    </box>
    <box label="Hand" occluded="0" source="manual" xtl="19.31" ytl="282.06" xbr="24.14" ybr="286.89" z_order="0">
    </box>
  </image>
  <image id="25" name="PennPed00091.png" width="372" height="324">
    <box label="Person" occluded="0" source="manual" xtl="212.08" ytl="24.72" xbr="335.42" ybr="322.08" z_order="0">
    </box>
    <box label="Head" occluded="0" source="manual" xtl="260.82" ytl="24.22" xbr="300.33" ybr="65.14" z_order="0">
    </box>
  </image>
  <image id="24" name="PennPed00090.png" width="500" height="370">
    <box label="Hand" occluded="0" source="manual" xtl="341.53" ytl="170.87" xbr="359.25" ybr="192.63" z_order="0">
    </box>
    <box label="Hand" occluded="0" source="manual" xtl="78.73" ytl="141.43" xbr="93.65" ybr="159.49" z_order="0">
    </box>
    <box label="Hand" occluded="0" source="manual" xtl="110.75" ytl="118.77" xbr="130.02" ybr="140.50" z_order="0">
    </box>
    <box label="Hand" occluded="0" source="manual" xtl="69.40" ytl="121.84" xbr="99.87" ybr="140.50" z_order="0">
    </box>
    <box label="Head" occluded="0" source="manual" xtl="58.95" ytl="33.43" xbr="105.68" ybr="83.93" z_order="0">
    </box>
    <box label="Head" occluded="0" source="manual" xtl="96.55" ytl="20.00" xbr="145.43" ybr="78.56" z_order="0">
    </box>
    <box label="Head" occluded="0" source="manual" xtl="248.57" ytl="36.12" xbr="290.47" ybr="82.32" z_order="0">
    </box>
    <box label="Person" occluded="0" source="manual" xtl="204.84" ytl="34.98" xbr="368.21" ybr="323.66" z_order="0">
    </box>
    <box label="Person" occluded="0" source="manual" xtl="78.88" ytl="19.01" xbr="211.25" ybr="359.02" z_order="0">
    </box>
    <box label="Person" occluded="0" source="manual" xtl="40.34" ytl="31.64" xbr="124.78" ybr="346.27" z_order="0">
    </box>
  </image>
  <image id="23" name="PennPed00089.png" width="428" height="317">
    <box label="Person" occluded="0" source="manual" xtl="137.49" ytl="4.40" xbr="297.65" ybr="309.80" z_order="0">
    </box>
    <box label="Person" occluded="0" source="manual" xtl="85.58" ytl="22.62" xbr="167.87" ybr="293.23" z_order="0">
    </box>
    <box label="Head" occluded="0" source="manual" xtl="101.95" ytl="22.79" xbr="143.37" ybr="63.75" z_order="0">
    </box>
    <box label="Head" occluded="0" source="manual" xtl="191.46" ytl="5.53" xbr="233.80" ybr="46.95" z_order="0">
    </box>
    <box label="Hand" occluded="0" source="manual" xtl="142.38" ytl="94.76" xbr="156.76" ybr="119.05" z_order="0">
    </box>
    <box label="Hand" occluded="0" source="manual" xtl="152.07" ytl="100.48" xbr="166.77" ybr="116.78" z_order="0">
    </box>
    <box label="Hand" occluded="0" source="manual" xtl="138.00" ytl="139.15" xbr="161.33" ybr="163.12" z_order="0">
    </box>
    <box label="Hand" occluded="0" source="manual" xtl="194.25" ytl="51.26" xbr="216.94" ybr="72.36" z_order="0">
    </box>
  </image>
  <image id="22" name="PennPed00088.png" width="375" height="320">
    <box label="Head" occluded="0" source="manual" xtl="110.82" ytl="15.60" xbr="161.55" ybr="61.87" z_order="0">
    </box>
    <box label="Hand" occluded="0" source="manual" xtl="74.61" ytl="138.87" xbr="97.84" ybr="158.62" z_order="0">
    </box>
    <box label="Hand" occluded="0" source="manual" xtl="176.93" ytl="165.47" xbr="194.74" ybr="185.21" z_order="0">
    </box>
    <box label="Person" occluded="0" source="manual" xtl="72.43" ytl="15.57" xbr="214.99" ybr="312.60" z_order="0">
    </box>
  </image>
  <image id="21" name="PennPed00087.png" width="325" height="343">
    <box label="Person" occluded="0" source="manual" xtl="22.01" ytl="11.83" xbr="125.98" ybr="322.32" z_order="0">
    </box>
    <box label="Head" occluded="0" source="manual" xtl="57.30" ytl="11.98" xbr="102.61" ybr="61.78" z_order="0">
    </box>
  </image>
  <image id="20" name="PennPed00086.png" width="474" height="354">
    <box label="Hand" occluded="0" source="manual" xtl="109.36" ytl="234.58" xbr="121.85" ybr="250.04" z_order="0">
    </box>
    <box label="Person" occluded="0" source="manual" xtl="113.30" ytl="62.97" xbr="165.12" ybr="196.64" z_order="0">
    </box>
    <box label="Person" occluded="0" source="manual" xtl="171.11" ytl="101.13" xbr="192.10" ybr="173.08" z_order="0">
    </box>
    <box label="Person" occluded="0" source="manual" xtl="179.25" ytl="56.59" xbr="227.65" ybr="199.64" z_order="0">
    </box>
    <box label="Head" occluded="0" source="manual" xtl="136.17" ytl="161.86" xbr="173.43" ybr="202.98" z_order="0">
    </box>
    <box label="Person" occluded="0" source="manual" xtl="70.06" ytl="161.88" xbr="182.84" ybr="354.00" z_order="0">
    </box>
    <box label="Person" occluded="0" source="manual" xtl="348.03" ytl="31.34" xbr="454.60" ybr="323.61" z_order="0">
    </box>
    <box label="Person" occluded="0" source="manual" xtl="205.05" ytl="45.63" xbr="305.40" ybr="317.39" z_order="0">
    </box>
    <box label="Person" occluded="0" source="manual" xtl="7.89" ytl="29.56" xbr="77.16" ybr="252.56" z_order="0">
    </box>
    <box label="Person" occluded="0" source="manual" xtl="13.25" ytl="67.64" xbr="47.08" ybr="121.60" z_order="0">
    </box>
    <box label="Person" occluded="0" source="manual" xtl="77.32" ytl="80.15" xbr="111.15" ybr="197.92" z_order="0">
    </box>
    <box label="Person" occluded="0" source="manual" xtl="81.17" ytl="72.01" xbr="115.87" ybr="118.26" z_order="0">
    </box>
    <box label="Head" occluded="0" source="manual" xtl="251.05" ytl="46.34" xbr="281.98" ybr="90.65" z_order="0">
    </box>
    <box label="Head" occluded="0" source="manual" xtl="387.57" ytl="31.47" xbr="417.61" ybr="76.08" z_order="0">
    </box>
    <box label="Head" occluded="0" source="manual" xtl="200.16" ytl="59.16" xbr="218.31" ybr="78.49" z_order="0">
    </box>
    <box label="Head" occluded="0" source="manual" xtl="175.18" ytl="99.91" xbr="188.57" ybr="112.69" z_order="0">
    </box>
    <box label="Head" occluded="0" source="manual" xtl="132.06" ytl="64.21" xbr="147.22" ybr="84.14" z_order="0">
    </box>
    <box label="Head" occluded="0" source="manual" xtl="89.23" ytl="80.27" xbr="103.21" ybr="99.01" z_order="0">
    </box>
    <box label="Head" occluded="0" source="manual" xtl="91.61" ytl="72.25" xbr="103.50" ybr="86.52" z_order="0">
    </box>
    <box label="Head" occluded="0" source="manual" xtl="28.85" ytl="68.97" xbr="40.15" ybr="88.01" z_order="0">
    </box>
    <box label="Head" occluded="0" source="manual" xtl="33.61" ytl="30.01" xbr="60.97" ybr="63.92" z_order="0">
    </box>
    <box label="Hand" occluded="0" source="manual" xtl="206.14" ytl="163.76" xbr="221.61" ybr="186.36" z_order="0">
    </box>
    <box label="Hand" occluded="0" source="manual" xtl="294.48" ytl="182.20" xbr="307.56" ybr="203.61" z_order="0">
    </box>
    <box label="Hand" occluded="0" source="manual" xtl="110.59" ytl="111.67" xbr="116.38" ybr="118.28" z_order="0">
    </box>
    <box label="Hand" occluded="0" source="manual" xtl="156.03" ytl="133.58" xbr="162.23" ybr="142.88" z_order="0">
    </box>
    <box label="Hand" occluded="0" source="manual" xtl="201.06" ytl="118.92" xbr="213.66" ybr="128.62" z_order="0">
    </box>
    <box label="Hand" occluded="0" source="manual" xtl="437.60" ytl="176.64" xbr="454.02" ybr="189.84" z_order="0">
    </box>
    <box label="Hand" occluded="0" source="manual" xtl="346.24" ytl="174.85" xbr="361.94" ybr="194.84" z_order="0">
    </box>
  </image>
  <image id="19" name="FudanPed00020.png" width="555" height="417">
    <box label="Hand" occluded="0" source="manual" xtl="336.25" ytl="176.32" xbr="355.42" ybr="194.49" z_order="0">
    </box>
    <box label="Head" occluded="0" source="manual" xtl="394.47" ytl="99.64" xbr="435.03" ybr="137.17" z_order="0">
    </box>
    <box label="Person" occluded="0" source="manual" xtl="335.94" ytl="98.02" xbr="510.37" ybr="380.69" z_order="0">
    </box>
  </image>
  <image id="18" name="FudanPed00019.png" width="497" height="442">
    <box label="Person" occluded="0" source="manual" xtl="194.11" ytl="117.49" xbr="339.37" ybr="424.64" z_order="0">
    </box>
    <box label="Person" occluded="0" source="manual" xtl="6.72" ytl="135.23" xbr="142.00" ybr="390.27" z_order="0">
    </box>
    <box label="Person" occluded="0" source="manual" xtl="381.46" ytl="128.45" xbr="390.13" ybr="147.94" z_order="0">
    </box>
    <box label="Head" occluded="0" source="manual" xtl="42.98" ytl="134.96" xbr="79.34" ybr="173.46" z_order="0">
    </box>
    <box label="Head" occluded="0" source="manual" xtl="234.79" ytl="121.43" xbr="284.52" ybr="174.90" z_order="0">
    </box>
    <box label="Hand" occluded="0" source="manual" xtl="53.84" ytl="160.79" xbr="71.29" ybr="178.61" z_order="0">
    </box>
    <box label="Hand" occluded="0" source="manual" xtl="290.20" ytl="208.13" xbr="307.66" ybr="226.70" z_order="0">
    </box>
    <box label="Hand" occluded="0" source="manual" xtl="281.66" ytl="195.14" xbr="304.32" ybr="210.73" z_order="0">
    </box>
    <box label="Hand" occluded="0" source="manual" xtl="87.30" ytl="222.58" xbr="98.81" ybr="235.95" z_order="0">
    </box>
  </image>
  <image id="17" name="FudanPed00018.png" width="253" height="323">
    <box label="Person" occluded="0" source="manual" xtl="25.82" ytl="17.79" xbr="129.14" ybr="305.45" z_order="0">
    </box>
    <box label="Head" occluded="0" source="manual" xtl="29.98" ytl="18.73" xbr="73.59" ybr="64.21" z_order="0">
    </box>
    <box label="Hand" occluded="0" source="manual" xtl="75.19" ytl="159.69" xbr="92.07" ybr="178.91" z_order="0">
    </box>
  </image>
  <image id="16" name="FudanPed00017.png" width="266" height="342">
    <box label="Head" occluded="0" source="manual" xtl="7.43" ytl="51.72" xbr="12.02" ybr="55.91" z_order="0">
    </box>
    <box label="Person" occluded="0" source="manual" xtl="109.80" ytl="48.24" xbr="245.65" ybr="332.80" z_order="0">
    </box>
    <box label="Person" occluded="0" source="manual" xtl="110.51" ytl="54.67" xbr="194.88" ybr="290.62" z_order="0">
    </box>
    <box label="Person" occluded="0" source="manual" xtl="0.00" ytl="57.08" xbr="23.29" ybr="109.84" z_order="0">
    </box>
    <box label="Person" occluded="0" source="manual" xtl="0.00" ytl="57.22" xbr="11.33" ybr="113.11" z_order="0">
    </box>
    <box label="Person" occluded="0" source="manual" xtl="18.99" ytl="54.14" xbr="32.66" ybr="81.22" z_order="0">
    </box>
    <box label="Person" occluded="0" source="manual" xtl="3.93" ytl="52.81" xbr="14.40" ybr="75.43" z_order="0">
    </box>
    <box label="Head" occluded="0" source="manual" xtl="4.03" ytl="57.11" xbr="12.01" ybr="65.89" z_order="0">
    </box>
    <box label="Head" occluded="0" source="manual" xtl="0.00" ytl="57.11" xbr="3.63" ybr="66.89" z_order="0">
    </box>
    <box label="Head" occluded="0" source="manual" xtl="21.19" ytl="53.72" xbr="28.98" ybr="57.91" z_order="0">
    </box>
    <box label="Head" occluded="0" source="manual" xtl="159.37" ytl="47.03" xbr="201.61" ybr="91.85" z_order="0">
    </box>
    <box label="Head" occluded="0" source="manual" xtl="127.28" ytl="54.81" xbr="161.47" ybr="90.73" z_order="0">
    </box>
    <box label="Hand" occluded="0" source="manual" xtl="127.57" ytl="172.91" xbr="155.73" ybr="195.03" z_order="0">
    </box>
    <box label="Hand" occluded="0" source="manual" xtl="110.90" ytl="114.58" xbr="124.12" ybr="130.67" z_order="0">
    </box>
    <box label="Hand" occluded="0" source="manual" xtl="0.00" ytl="75.53" xbr="5.29" ybr="79.32" z_order="0">
    </box>
  </image>
  <image id="15" name="FudanPed00016.png" width="544" height="425">
    <box label="Person" occluded="0" source="manual" xtl="276.00" ytl="94.59" xbr="402.61" ybr="362.70" z_order="0">
    </box>
    <box label="Person" occluded="0" source="manual" xtl="240.08" ytl="98.99" xbr="297.67" ybr="256.33" z_order="0">
    </box>
    <box label="Person" occluded="0" source="manual" xtl="224.15" ytl="99.51" xbr="263.22" ybr="203.37" z_order="0">
    </box>
    <box label="Person" occluded="0" source="manual" xtl="424.08" ytl="103.48" xbr="481.09" ybr="364.92" z_order="0">
    </box>
    <box label="Person" occluded="0" source="manual" xtl="357.70" ytl="104.94" xbr="400.98" ybr="246.38" z_order="0">
    </box>
    <box label="Person" occluded="0" source="manual" xtl="389.66" ytl="102.13" xbr="425.65" ybr="258.44" z_order="0">
    </box>
    <box label="Person" occluded="0" source="manual" xtl="457.53" ytl="105.73" xbr="500.72" ybr="259.98" z_order="0">
    </box>
    <box label="Head" occluded="0" source="manual" xtl="122.29" ytl="86.19" xbr="159.31" ybr="130.93" z_order="0">
    </box>
    <box label="Head" occluded="0" source="manual" xtl="246.72" ytl="99.56" xbr="263.69" ybr="115.50" z_order="0">
    </box>
    <box label="Person" occluded="0" source="manual" xtl="410.75" ytl="101.26" xbr="497.38" ybr="378.99" z_order="0">
    </box>
    <box label="Head" occluded="0" source="manual" xtl="264.20" ytl="99.56" xbr="284.25" ybr="119.10" z_order="0">
    </box>
    <box label="Head" occluded="0" source="manual" xtl="319.73" ytl="93.39" xbr="356.24" ybr="128.35" z_order="0">
    </box>
    <box label="Head" occluded="0" source="manual" xtl="355.72" ytl="106.24" xbr="380.92" ybr="123.73" z_order="0">
    </box>
    <box label="Head" occluded="0" source="manual" xtl="389.66" ytl="103.16" xbr="417.42" ybr="125.27" z_order="0">
    </box>
    <box label="Head" occluded="0" source="manual" xtl="427.20" ytl="105.73" xbr="460.10" ybr="139.15" z_order="0">
    </box>
    <box label="Head" occluded="0" source="manual" xtl="444.16" ytl="102.64" xbr="482.73" ybr="139.67" z_order="0">
    </box>
    <box label="Hand" occluded="0" source="manual" xtl="87.57" ytl="216.48" xbr="105.43" ybr="238.26" z_order="0">
    </box>
    <box label="Hand" occluded="0" source="manual" xtl="240.72" ytl="169.13" xbr="250.72" ybr="177.70" z_order="0">
    </box>
    <box label="Hand" occluded="0" source="manual" xtl="323.56" ytl="218.05" xbr="343.20" ybr="237.33" z_order="0">
    </box>
    <box label="Hand" occluded="0" source="manual" xtl="432.47" ytl="118.78" xbr="452.11" ybr="136.99" z_order="0">
    </box>
    <box label="Person" occluded="0" source="manual" xtl="76.08" ytl="86.60" xbr="207.21" ybr="384.99" z_order="0">
    </box>
    <box label="Hand" occluded="0" source="manual" xtl="418.00" ytl="183.35" xbr="425.44" ybr="195.48" z_order="0">
    </box>
    <box label="Hand" occluded="0" source="manual" xtl="486.35" ytl="179.35" xbr="493.38" ybr="189.48" z_order="0">
    </box>
  </image>
  <image id="14" name="FudanPed00015.png" width="336" height="349">
    <box label="Person" occluded="0" source="manual" xtl="132.40" ytl="51.99" xbr="152.97" ybr="111.86" z_order="0">
    </box>
    <box label="Person" occluded="0" source="manual" xtl="47.82" ytl="58.29" xbr="63.65" ybr="100.22" z_order="0">
    </box>
    <box label="Person" occluded="0" source="manual" xtl="49.12" ytl="53.62" xbr="62.97" ybr="99.44" z_order="0">
    </box>
    <box label="Person" occluded="0" source="manual" xtl="110.01" ytl="55.46" xbr="136.07" ybr="117.56" z_order="0">
    </box>
    <box label="Person" occluded="0" source="manual" xtl="32.68" ytl="42.53" xbr="175.02" ybr="327.75" z_order="0">
    </box>
    <box label="Person" occluded="0" source="manual" xtl="0.66" ytl="51.29" xbr="40.77" ybr="146.65" z_order="0">
    </box>
    <box label="Person" occluded="0" source="manual" xtl="33.86" ytl="64.06" xbr="53.22" ybr="96.90" z_order="0">
    </box>
    <box label="Person" occluded="0" source="manual" xtl="96.34" ytl="58.08" xbr="117.54" ybr="104.94" z_order="0">
    </box>
    <box label="Person" occluded="0" source="manual" xtl="109.25" ytl="56.51" xbr="122.69" ybr="68.12" z_order="0">
    </box>
    <box label="Person" occluded="0" source="manual" xtl="227.39" ytl="49.03" xbr="239.44" ybr="84.83" z_order="0">
    </box>
    <box label="Head" occluded="0" source="manual" xtl="234.67" ytl="49.43" xbr="239.39" ybr="53.08" z_order="0">
    </box>
    <box label="Head" occluded="0" source="manual" xtl="138.23" ytl="52.58" xbr="145.89" ybr="59.18" z_order="0">
    </box>
    <box label="Head" occluded="0" source="manual" xtl="146.72" ytl="52.22" xbr="152.26" ybr="57.06" z_order="0">
    </box>
    <box label="Person" occluded="0" source="manual" xtl="141.73" ytl="52.34" xbr="155.47" ybr="89.67" z_order="0">
    </box>
    <box label="Head" occluded="0" source="manual" xtl="119.34" ytl="56.07" xbr="130.93" ybr="66.68" z_order="0">
    </box>
    <box label="Head" occluded="0" source="manual" xtl="111.14" ytl="55.79" xbr="118.91" ybr="63.85" z_order="0">
    </box>
    <box label="Head" occluded="0" source="manual" xtl="74.21" ytl="42.81" xbr="112.03" ybr="89.13" z_order="0">
    </box>
    <box label="Head" occluded="0" source="manual" xtl="12.33" ytl="52.65" xbr="28.01" ybr="68.53" z_order="0">
    </box>
    <box label="Head" occluded="0" source="manual" xtl="41.39" ytl="64.30" xbr="46.77" ybr="68.83" z_order="0">
    </box>
    <box label="Head" occluded="0" source="manual" xtl="53.67" ytl="58.74" xbr="58.50" ybr="63.45" z_order="0">
    </box>
    <box label="Head" occluded="0" source="manual" xtl="49.72" ytl="53.68" xbr="55.48" ybr="59.44" z_order="0">
    </box>
    <box label="Hand" occluded="0" source="manual" xtl="59.32" ytl="197.00" xbr="79.03" ybr="223.58" z_order="0">
    </box>
    <box label="Hand" occluded="0" source="manual" xtl="103.51" ytl="181.48" xbr="122.03" ybr="203.87" z_order="0">
    </box>
    <box label="Hand" occluded="0" source="manual" xtl="20.92" ytl="99.85" xbr="27.31" ybr="104.35" z_order="0">
    </box>
    <box label="Hand" occluded="0" source="manual" xtl="44.59" ytl="96.57" xbr="52.89" ybr="102.62" z_order="0">
    </box>
  </image>
  <image id="13" name="FudanPed00014.png" width="456" height="383">
    <box label="Hand" occluded="0" source="manual" xtl="270.58" ytl="153.24" xbr="292.70" ybr="169.10" z_order="0">
    </box>
    <box label="Person" occluded="0" source="manual" xtl="285.37" ytl="79.39" xbr="430.83" ybr="355.63" z_order="0">
    </box>
    <box label="Person" occluded="0" source="manual" xtl="232.66" ytl="83.39" xbr="406.81" ybr="368.98" z_order="0">
    </box>
    <box label="Head" occluded="0" source="manual" xtl="335.79" ytl="79.26" xbr="375.69" ybr="122.38" z_order="0">
    </box>
    <box label="Head" occluded="0" source="manual" xtl="276.26" ytl="84.16" xbr="322.92" ybr="132.75" z_order="0">
    </box>
  </image>
  <image id="12" name="FudanPed00013.png" width="652" height="498">
    <box label="Hand" occluded="0" source="manual" xtl="483.75" ytl="349.28" xbr="501.18" ybr="364.39" z_order="0">
    </box>
    <box label="Hand" occluded="0" source="manual" xtl="415.87" ytl="332.19" xbr="433.60" ybr="353.40" z_order="0">
    </box>
    <box label="Head" occluded="0" source="manual" xtl="439.19" ytl="194.00" xbr="480.19" ybr="240.03" z_order="0">
    </box>
    <box label="Person" occluded="0" source="manual" xtl="387.28" ytl="193.63" xbr="563.33" ybr="479.94" z_order="0">
    </box>
  </image>
  <image id="11" name="FudanPed00012.png" width="468" height="384">
    <box label="Person" occluded="0" source="manual" xtl="325.19" ytl="56.90" xbr="442.48" ybr="328.24" z_order="0">
    </box>
    <box label="Hand" occluded="0" source="manual" xtl="371.03" ytl="55.62" xbr="393.89" ybr="74.00" z_order="0">
    </box>
    <box label="Head" occluded="0" source="manual" xtl="210.88" ytl="72.67" xbr="251.53" ybr="117.97" z_order="0">
    </box>
    <box label="Head" occluded="0" source="manual" xtl="378.11" ytl="58.74" xbr="416.85" ybr="92.57" z_order="0">
    </box>
    <box label="Person" occluded="0" source="manual" xtl="155.72" ytl="73.04" xbr="298.62" ybr="362.84" z_order="0">
    </box>
    <box label="Hand" occluded="0" source="manual" xtl="156.74" ytl="199.75" xbr="169.91" ybr="218.84" z_order="0">
    </box>
  </image>
  <image id="10" name="FudanPed00011.png" width="459" height="420">
    <box label="Person" occluded="0" source="manual" xtl="273.71" ytl="109.00" xbr="439.88" ybr="395.10" z_order="0">
    </box>
    <box label="Hand" occluded="0" source="manual" xtl="331.52" ytl="222.69" xbr="352.70" ybr="247.69" z_order="0">
    </box>
    <box label="Hand" occluded="0" source="manual" xtl="275.77" ytl="152.27" xbr="298.12" ybr="170.79" z_order="0">
    </box>
    <box label="Head" occluded="0" source="manual" xtl="309.79" ytl="109.50" xbr="354.25" ybr="156.50" z_order="0">
    </box>
  </image>
  <image id="9" name="FudanPed00010.png" width="411" height="393">
    <box label="Person" occluded="0" source="manual" xtl="257.36" ytl="104.82" xbr="390.87" ybr="351.98" z_order="0">
    </box>
    <box label="Head" occluded="0" source="manual" xtl="296.24" ytl="89.81" xbr="335.86" ybr="132.99" z_order="0">
    </box>
    <box label="Head" occluded="0" source="manual" xtl="293.51" ytl="107.07" xbr="321.94" ybr="135.27" z_order="0">
    </box>
    <box label="Person" occluded="0" source="manual" xtl="279.27" ytl="89.07" xbr="403.88" ybr="374.58" z_order="0">
    </box>
  </image>
  <image id="8" name="FudanPed00009.png" width="465" height="441">
    <box label="Person" occluded="0" source="manual" xtl="130.04" ytl="142.69" xbr="141.15" ybr="196.42" z_order="0">
    </box>
    <box label="Person" occluded="0" source="manual" xtl="155.30" ytl="121.42" xbr="302.81" ybr="398.77" z_order="0">
    </box>
    <box label="Person" occluded="0" source="manual" xtl="446.21" ytl="153.19" xbr="455.78" ybr="181.29" z_order="0">
    </box>
    <box label="Person" occluded="0" source="manual" xtl="455.22" ytl="153.25" xbr="463.87" ybr="175.18" z_order="0">
    </box>
    <box label="Person" occluded="0" source="manual" xtl="287.84" ytl="155.69" xbr="324.62" ybr="197.41" z_order="0">
    </box>
    <box label="Person" occluded="0" source="manual" xtl="338.48" ytl="155.08" xbr="356.08" ybr="187.84" z_order="0">
    </box>
    <box label="Person" occluded="0" source="manual" xtl="326.29" ytl="162.04" xbr="341.72" ybr="187.99" z_order="0">
    </box>
    <box label="Person" occluded="0" source="manual" xtl="239.75" ytl="159.99" xbr="255.96" ybr="189.83" z_order="0">
    </box>
    <box label="Person" occluded="0" source="manual" xtl="181.13" ytl="156.29" xbr="192.38" ybr="202.93" z_order="0">
    </box>
    <box label="Person" occluded="0" source="manual" xtl="175.00" ytl="157.18" xbr="183.40" ybr="202.93" z_order="0">
    </box>
    <box label="Person" occluded="0" source="manual" xtl="160.58" ytl="153.79" xbr="178.98" ybr="205.96" z_order="0">
    </box>
    <box label="Person" occluded="0" source="manual" xtl="314.90" ytl="154.71" xbr="321.85" ybr="166.38" z_order="0">
    </box>
    <box label="Person" occluded="0" source="manual" xtl="190.30" ytl="154.56" xbr="207.72" ybr="202.06" z_order="0">
    </box>
    <box label="Person" occluded="0" source="manual" xtl="148.76" ytl="150.54" xbr="164.84" ybr="198.19" z_order="0">
    </box>
    <box label="Person" occluded="0" source="manual" xtl="305.89" ytl="139.86" xbr="454.94" ybr="431.04" z_order="0">
    </box>
    <box label="Head" occluded="0" source="manual" xtl="220.07" ytl="122.25" xbr="257.12" ybr="168.20" z_order="0">
    </box>
    <box label="Head" occluded="0" source="manual" xtl="365.01" ytl="138.52" xbr="411.33" ybr="184.46" z_order="0">
    </box>
    <box label="Head" occluded="0" source="manual" xtl="449.39" ytl="153.09" xbr="453.89" ybr="156.29" z_order="0">
    </box>
    <box label="Head" occluded="0" source="manual" xtl="457.80" ytl="150.30" xbr="462.00" ybr="154.40" z_order="0">
    </box>
    <box label="Head" occluded="0" source="manual" xtl="302.74" ytl="158.21" xbr="313.31" ybr="168.16" z_order="0">
    </box>
    <box label="Head" occluded="0" source="manual" xtl="333.28" ytl="161.80" xbr="338.68" ybr="168.64" z_order="0">
    </box>
    <box label="Head" occluded="0" source="manual" xtl="338.79" ytl="155.70" xbr="346.95" ybr="164.58" z_order="0">
    </box>
    <box label="Head" occluded="0" source="manual" xtl="351.75" ytl="157.14" xbr="356.91" ybr="162.78" z_order="0">
    </box>
    <box label="Head" occluded="0" source="manual" xtl="362.32" ytl="154.60" xbr="365.44" ybr="158.08" z_order="0">
    </box>
    <box label="Person" occluded="0" source="manual" xtl="358.97" ytl="154.47" xbr="366.05" ybr="174.39" z_order="0">
    </box>
    <box label="Person" occluded="0" source="manual" xtl="297.19" ytl="156.07" xbr="312.05" ybr="197.36" z_order="0">
    </box>
    <box label="Head" occluded="0" source="manual" xtl="299.10" ytl="154.00" xbr="307.10" ybr="166.20" z_order="0">
    </box>
    <box label="Head" occluded="0" source="manual" xtl="184.29" ytl="156.36" xbr="191.79" ybr="166.76" z_order="0">
    </box>
    <box label="Head" occluded="0" source="manual" xtl="191.79" ytl="155.26" xbr="197.99" ybr="164.36" z_order="0">
    </box>
    <box label="Head" occluded="0" source="manual" xtl="176.59" ytl="156.76" xbr="183.49" ybr="165.26" z_order="0">
    </box>
    <box label="Head" occluded="0" source="manual" xtl="165.89" ytl="154.16" xbr="172.59" ybr="161.66" z_order="0">
    </box>
    <box label="Head" occluded="0" source="manual" xtl="243.50" ytl="160.60" xbr="250.70" ybr="167.80" z_order="0">
    </box>
    <box label="Hand" occluded="0" source="manual" xtl="193.88" ytl="267.28" xbr="211.50" ybr="283.45" z_order="0">
    </box>
    <box label="Hand" occluded="0" source="manual" xtl="272.61" ytl="229.79" xbr="286.50" ybr="241.19" z_order="0">
    </box>
    <box label="Hand" occluded="0" source="manual" xtl="401.01" ytl="150.47" xbr="417.59" ybr="172.66" z_order="0">
    </box>
    <box label="Hand" occluded="0" source="manual" xtl="289.24" ytl="183.76" xbr="293.92" ybr="187.48" z_order="0">
    </box>
  </image>
  <image id="7" name="FudanPed00008.png" width="388" height="454">
    <box label="Hand" occluded="0" source="manual" xtl="291.02" ytl="303.57" xbr="309.33" ybr="323.79" z_order="0">
    </box>
    <box label="Person" occluded="0" source="manual" xtl="0.00" ytl="178.50" xbr="50.34" ybr="379.06" z_order="0">
    </box>
    <box label="Hand" occluded="0" source="manual" xtl="332.98" ytl="292.51" xbr="349.00" ybr="317.68" z_order="0">
    </box>
    <box label="Hand" occluded="0" source="manual" xtl="49.93" ytl="271.22" xbr="60.79" ybr="282.99" z_order="0">
    </box>
    <box label="Hand" occluded="0" source="manual" xtl="29.83" ytl="278.00" xbr="36.99" ybr="286.56" z_order="0">
    </box>
    <box label="Head" occluded="0" source="manual" xtl="0.00" ytl="179.53" xbr="22.26" ybr="208.14" z_order="0">
    </box>
    <box label="Head" occluded="0" source="manual" xtl="49.73" ytl="176.86" xbr="78.33" ybr="204.70" z_order="0">
    </box>
    <box label="Head" occluded="0" source="manual" xtl="283.77" ytl="157.72" xbr="323.60" ybr="198.46" z_order="0">
    </box>
    <box label="Person" occluded="0" source="manual" xtl="226.09" ytl="158.48" xbr="372.75" ybr="435.91" z_order="0">
    </box>
    <box label="Person" occluded="0" source="manual" xtl="39.96" ytl="176.13" xbr="117.77" ybr="364.56" z_order="0">
    </box>
  </image>
  <image id="6" name="FudanPed00007.png" width="539" height="381">
    <box label="Hand" occluded="0" source="manual" xtl="314.90" ytl="145.35" xbr="322.36" ybr="152.04" z_order="0">
    </box>
    <box label="Hand" occluded="0" source="manual" xtl="349.87" ytl="111.99" xbr="355.66" ybr="117.24" z_order="0">
    </box>
    <box label="Hand" occluded="0" source="manual" xtl="376.12" ytl="198.27" xbr="404.93" ybr="227.85" z_order="0">
    </box>
    <box label="Hand" occluded="0" source="manual" xtl="489.44" ytl="209.68" xbr="506.72" ybr="232.73" z_order="0">
    </box>
    <box label="Hand" occluded="0" source="manual" xtl="119.14" ytl="154.37" xbr="146.42" ybr="170.12" z_order="0">
    </box>
    <box label="Person" occluded="0" source="manual" xtl="109.84" ytl="67.70" xbr="218.70" ybr="346.48" z_order="0">
    </box>
    <box label="Person" occluded="0" source="manual" xtl="376.68" ytl="76.99" xbr="533.33" ybr="377.67" z_order="0">
    </box>
    <box label="Person" occluded="0" source="manual" xtl="431.77" ytl="69.69" xbr="539.00" ybr="357.10" z_order="0">
    </box>
    <box label="Person" occluded="0" source="manual" xtl="305.45" ytl="105.31" xbr="348.40" ybr="192.53" z_order="0">
    </box>
    <box label="Person" occluded="0" source="manual" xtl="340.13" ytl="106.37" xbr="364.40" ybr="170.39" z_order="0">
    </box>
    <box label="Head" occluded="0" source="manual" xtl="139.50" ytl="68.06" xbr="176.38" ybr="109.92" z_order="0">
    </box>
    <box label="Head" occluded="0" source="manual" xtl="333.62" ytl="106.14" xbr="343.81" ybr="120.77" z_order="0">
    </box>
    <box label="Head" occluded="0" source="manual" xtl="350.20" ytl="106.76" xbr="358.84" ybr="115.86" z_order="0">
    </box>
    <box label="Head" occluded="0" source="manual" xtl="416.31" ytl="76.82" xbr="462.46" ybr="124.83" z_order="0">
    </box>
    <box label="Head" occluded="0" source="manual" xtl="454.19" ytl="70.15" xbr="493.14" ybr="115.49" z_order="0">
    </box>
    <box label="Hand" occluded="0" source="manual" xtl="343.17" ytl="151.00" xbr="348.83" ybr="158.97" z_order="0">
    </box>
  </image>
  <image id="5" name="FudanPed00006.png" width="385" height="426">
    <box label="Hand" occluded="0" source="manual" xtl="0.00" ytl="230.22" xbr="19.90" ybr="257.71" z_order="0">
    </box>
    <box label="Head" occluded="0" source="manual" xtl="263.03" ytl="108.42" xbr="300.83" ybr="149.65" z_order="0">
    </box>
    <box label="Head" occluded="0" source="manual" xtl="277.99" ytl="87.59" xbr="317.36" ybr="121.95" z_order="0">
    </box>
    <box label="Head" occluded="0" source="manual" xtl="33.00" ytl="93.60" xbr="72.73" ybr="134.04" z_order="0">
    </box>
    <box label="Person" occluded="0" source="manual" xtl="251.55" ytl="86.92" xbr="352.42" ybr="370.79" z_order="0">
    </box>
    <box label="Person" occluded="0" source="manual" xtl="27.67" ytl="93.72" xbr="105.04" ybr="368.32" z_order="0">
    </box>
    <box label="Person" occluded="0" source="manual" xtl="204.55" ytl="108.56" xbr="348.10" ybr="385.64" z_order="0">
    </box>
    <box label="Person" occluded="0" source="manual" xtl="0.00" ytl="106.09" xbr="89.58" ybr="384.40" z_order="0">
    </box>
    <box label="Head" occluded="0" source="manual" xtl="0.00" ytl="108.99" xbr="30.50" ybr="151.94" z_order="0">
    </box>
    <box label="Hand" occluded="0" source="manual" xtl="206.65" ytl="203.37" xbr="223.05" ybr="222.76" z_order="0">
    </box>
    <box label="Hand" occluded="0" source="manual" xtl="251.39" ytl="217.36" xbr="270.77" ybr="242.71" z_order="0">
    </box>
  </image>
  <image id="4" name="FudanPed00005.png" width="335" height="344">
    <box label="Hand" occluded="0" source="manual" xtl="26.05" ytl="99.17" xbr="34.08" ybr="107.37" z_order="0">
    </box>
    <box label="Hand" occluded="0" source="manual" xtl="7.32" ytl="52.01" xbr="18.69" ybr="62.54" z_order="0">
    </box>
    <box label="Person" occluded="0" source="manual" xtl="0.05" ytl="46.61" xbr="41.41" ybr="157.89" z_order="0">
    </box>
    <box label="Person" occluded="0" source="manual" xtl="0.00" ytl="59.04" xbr="18.00" ybr="161.06" z_order="0">
    </box>
    <box label="Head" occluded="0" source="manual" xtl="5.39" ytl="51.72" xbr="18.94" ybr="61.93" z_order="0">
    </box>
    <box label="Head" occluded="0" source="manual" xtl="227.08" ytl="54.43" xbr="262.11" ybr="98.13" z_order="0">
    </box>
    <box label="Hand" occluded="0" source="manual" xtl="184.39" ytl="181.96" xbr="206.58" ybr="210.05" z_order="0">
    </box>
    <box label="Person" occluded="0" source="manual" xtl="183.42" ytl="54.18" xbr="322.21" ybr="340.41" z_order="0">
    </box>
  </image>
  <image id="3" name="FudanPed00004.png" width="396" height="397">
    <box label="Hand" occluded="0" source="manual" xtl="195.00" ytl="156.78" xbr="210.05" ybr="174.15" z_order="0">
    </box>
    <box label="Hand" occluded="0" source="manual" xtl="199.09" ytl="148.00" xbr="213.95" ybr="163.63" z_order="0">
    </box>
    <box label="Hand" occluded="0" source="manual" xtl="202.76" ytl="184.48" xbr="213.76" ybr="202.82" z_order="0">
    </box>
    <box label="Hand" occluded="0" source="manual" xtl="42.20" ytl="116.55" xbr="50.54" ybr="126.05" z_order="0">
    </box>
    <box label="Head" occluded="0" source="manual" xtl="211.87" ytl="56.60" xbr="252.68" ybr="102.94" z_order="0">
    </box>
    <box label="Head" occluded="0" source="manual" xtl="14.94" ytl="60.11" xbr="34.38" ybr="73.52" z_order="0">
    </box>
    <box label="Head" occluded="0" source="manual" xtl="0.00" ytl="62.82" xbr="9.24" ybr="81.05" z_order="0">
    </box>
    <box label="Person" occluded="0" source="manual" xtl="165.94" ytl="58.56" xbr="325.59" ybr="339.83" z_order="0">
    </box>
    <box label="Person" occluded="0" source="manual" xtl="209.17" ytl="68.93" xbr="332.51" ybr="314.47" z_order="0">
    </box>
    <box label="Person" occluded="0" source="manual" xtl="8.38" ytl="59.57" xbr="60.96" ybr="180.71" z_order="0">
    </box>
    <box label="Person" occluded="0" source="manual" xtl="0.00" ytl="64.09" xbr="34.23" ybr="184.79" z_order="0">
    </box>
  </image>
  <image id="2" name="FudanPed00003.png" width="479" height="445">
    <box label="Person" occluded="0" source="manual" xtl="288.80" ytl="125.09" xbr="385.78" ybr="415.82" z_order="0">
    </box>
    <box label="Hand" occluded="0" source="manual" xtl="301.69" ytl="237.95" xbr="323.50" ybr="258.20" z_order="0">
    </box>
    <box label="Hand" occluded="0" source="manual" xtl="291.41" ytl="182.80" xbr="311.66" ybr="205.24" z_order="0">
    </box>
    <box label="Head" occluded="0" source="manual" xtl="373.01" ytl="141.05" xbr="400.46" ybr="184.05" z_order="0">
    </box>
    <box label="Head" occluded="0" source="manual" xtl="346.25" ytl="124.85" xbr="382.70" ybr="168.78" z_order="0">
    </box>
    <box label="Person" occluded="0" source="manual" xtl="350.89" ytl="149.00" xbr="463.95" ybr="409.36" z_order="0">
    </box>
    <box label="Person" occluded="0" source="manual" xtl="286.22" ytl="130.26" xbr="451.03" ybr="422.28" z_order="0">
    </box>
    <box label="Head" occluded="0" source="manual" xtl="348.74" ytl="130.46" xbr="388.31" ybr="177.82" z_order="0">
    </box>
  </image>
  <image id="1" name="FudanPed00002.png" width="455" height="414">
    <box label="Head" occluded="0" source="manual" xtl="113.88" ytl="91.43" xbr="152.20" ybr="135.72" z_order="0">
    </box>
    <box label="Head" occluded="0" source="manual" xtl="150.45" ytl="98.87" xbr="180.81" ybr="136.22" z_order="0">
    </box>
    <box label="Person" occluded="0" source="manual" xtl="66.38" ytl="89.91" xbr="192.07" ybr="384.01" z_order="0">
    </box>
    <box label="Person" occluded="0" source="manual" xtl="128.29" ytl="99.13" xbr="225.50" ybr="371.63" z_order="0">
    </box>
    <box label="Hand" occluded="0" source="manual" xtl="142.38" ytl="239.67" xbr="161.84" ybr="264.49" z_order="0">
    </box>
  </image>
  <image id="0" name="FudanPed00001.png" width="559" height="536">
    <box label="Hand" occluded="0" source="manual" xtl="476.66" ytl="338.82" xbr="502.51" ybr="369.23" z_order="0">
    </box>
    <box label="Person" occluded="0" source="manual" xtl="416.19" ytl="166.72" xbr="536.22" ybr="489.01" z_order="0">
    </box>
    <box label="Head" occluded="0" source="manual" xtl="213.28" ytl="180.34" xbr="248.95" ybr="222.49" z_order="0">
    </box>
    <box label="Head" occluded="0" source="manual" xtl="427.28" ytl="166.72" xbr="473.32" ybr="223.79" z_order="0">
    </box>
    <box label="Hand" occluded="0" source="manual" xtl="208.87" ytl="290.91" xbr="226.51" ybr="308.70" z_order="0">
    </box>
    <box label="Hand" occluded="0" source="manual" xtl="424.82" ytl="323.67" xbr="436.58" ybr="342.97" z_order="0">
    </box>
    <box label="Person" occluded="0" source="manual" xtl="158.39" ytl="181.85" xbr="303.35" ybr="430.06" z_order="0">
    </box>
  </image>
</annotations>